{
    "rmse": 117579.54704080803,
    "mae": 68382.4724295907,
    "r2": 0.949300990750757
}