{
    "rmse": 120911.99203938995,
    "mae": 68353.45079007551,
    "r2": 0.9535638469535674
}